ORF	Detected sequences	Datasets	Summary (Max Score, Num. of Hits)
RPS2:78:963	APTAQATEW, TPIAGRFTPGTF, THLGGTNLDF, AATGATPIAGR, NTDSPLRY, SVISSRNTGQR, FTATQPEV, HPWEVMPDLY, FAAATGATPIAGR, FREPRLLVV, KFLAAGTHL, YVNLPTIAL, TPIAGRFTPGTF, ASYVNLPTI, SVISSRNTGQR, TEWVGATTDW, YVNLPTIAL, AATGATPIAGR, FAAATGATPIAGR, ASYVNLPTI, AEKAVTKEEF, GEWTAPAPEF, EEDVLKFLA, KFLAAGTHL, SYVNLPTIAL, HPWEVMPDLY, SVISSRNTGQR, NTDSPLRY, GTISREHPW, FAAATGATPIAGR, YVNLPTIAL, AATGATPIA, NTDSPLRY, NTDSPLRY, AEKAVTKEEF, NTDSPLRY, NTDSPLRY, AEKAVTKEEF, NTDSPLRY, NTDSPLRY, NTDSPLRY, NTDSPLRY	Monoallelic_HLAI_data, Multiallelic_HLAI_data, Multiallelic_HLAI_patient_data	270.06,42
HSFAU:56:455	FEVTGQETV, EVTGQETVAQIK, QLFVRAQEL, EVAGRMLGGK, EVTGQETVAQIK, HTFEVTGQETVA, RRFVNVVPTF, RRFVNVVPTFG, RRFVNVVPTFGK, APLEDEATL, RFVNVVPTF, FVRAQELHTF, RFVNVVPTF, FEVTGQETVA, QETVAQIKA, RFVNVVPTF, HTFEVTGQETV, KVHGSLARAGK, KVRGQTPKVAK, APLEDEATL, KVRGQTPKVAK, RFVNVVPTF, KVHGSLARAGK, KVRGQTPKVAK, QLFVRAQEL, APLEDEATL, EVTGQETVAQIK, RFVNVVPTF, APLEDEATL, APLEDEATL, EVTGQETVAQIK	Monoallelic_HLAI_data, Multiallelic_HLAI_data, Multiallelic_HLAI_patient_data	211.52,31
HERV3:8259:7980	LSSISRQQL	Monoallelic_HLAI_data	205.58,1
Tigger10:170:1841	EDSKAILLL, FTIFLPASV, APISGPVL	Monoallelic_HLAI_data, Multiallelic_HLAI_data	199.65,3
SVA_D:895:979	MTMAVLWNR, MTMAVLWNR, MTMAVLWNR	Monoallelic_HLAI_data	198.73,3
SVA_A:1156:1240	MTMAVLWNR, MTMAVLWNR, MTMAVLWNR	Monoallelic_HLAI_data	198.73,3
SVA_E:891:1056	MTMAVLWNR, MTMAVLWNR, MTMAVLWNR	Monoallelic_HLAI_data	198.73,3
MER69C:1602:2142	DNIKLIIRH	Monoallelic_HLAI_data	195.81,1
CHARLIE10:339:264	KLTLKYHTL, KLTLKYHTL, KLTLKYHTL, KLTLKYHTL, KLTLKYHTL	Monoallelic_HLAI_data	193.16,5
ERV24_Prim:891:2217	LPPLPPPPP, LPPLPPPPP	Monoallelic_HLAI_data	183.32,2
Charlie24:345:2151	TSDSVDLFHEK, MNEVNLSI, TSDSVDLFHEK, TSDSVDLFHEK, TSDSVDLFHEK, TSDSVDLFHEK, TSDSVDLFHEK, TSDSVDLFHEK	Monoallelic_HLAI_data, Multiallelic_HLAI_patient_data	180.34,8
L1P4a_5end:1303:1840	KNQTELLEL, KLIEIQEKV	Monoallelic_HLAI_data	174.21,2
MER83AI:2554:2668	STVTERIGK	Monoallelic_HLAI_data	173.88,1
LOR1I:2175:2079	LKNILLSKL, LKNILLSKL, LKNILLSKL	Monoallelic_HLAI_data	172.21,3
LTR85a:128:29	IFLNKDSSL, IFLNKDSSL, IFLNKDSSL	Monoallelic_HLAI_data	170.73,3
HERVL74:2043:2109	EIHLTHSL, KEIHLTHSL	Monoallelic_HLAI_data	170.17,2
LTR53-int:1618:1720	EIHLTHSL	Monoallelic_HLAI_data	170.17,1
TIGGER1:424:1786	STLTGVWKK, TILDAIKNI	Monoallelic_HLAI_data, Multiallelic_HLAI_patient_data	168.08,2
HERVK11DI:7046:7106	LKGVNDLFLH, LKGVNDLFLH, LKGVNDLFLH	Monoallelic_HLAI_data, Multiallelic_HLAI_patient_data	166.78,3
L1PREC2:4093:7918	KKKTNNPIK, HLIFDKADKN, EKIQINTI	Monoallelic_HLAI_data	162.07,3
HERV17:6939:8565	ALDLLTAERGGT, EVISQLTRV, SQLTRVHST, EVISQLTRV	Monoallelic_HLAI_data	159.46,4
PRIMA41:2948:3101	LGRDLLTQL, LGRDLLTQL	Monoallelic_HLAI_data	158.07,2
LTR15:350:476	GLSPLDVNL	Monoallelic_HLAI_data	157.9,1
L1PREC1:948:1116	PCATQLGETL	Monoallelic_HLAI_data	157.86,1
PRIMA4_I:2731:6325	HWNPDKMISW, ETLKNMLKETQS, QDLVKNSF, QETVKLLLA, TPIKVEIN, QETVKLLLA	Monoallelic_HLAI_data	157.58,6
HERVK11DI:531:942	LLDLSPLLSL, LLDLSPLLS, LLDLSPLLS, PPSPHPGALTL, LLDLSPLLS	Monoallelic_HLAI_data, Multiallelic_HLAI_data	157.58,5
AluSp:155:2	SAGITGVSH, AGITGVSHR	Monoallelic_HLAI_data, Multiallelic_HLAI_data	155.75,2
ERVL:3883:3688	QKGAVVLQL	Monoallelic_HLAI_data	154.09,1
ERVL-B4:3837:3642	QKGAVVLQL	Monoallelic_HLAI_data	154.09,1
HERVFH19I:5536:5611	SPTPLIPS, SPTPLIPS, SPTPLIPS, SPTPLIPS	Monoallelic_HLAI_data, Multiallelic_HLAI_patient_data	154.09,4
MST_I:1416:1545	LALSQMRLW	Monoallelic_HLAI_data	152.63,1
L1HS:907:1921	NFQPRISY	Monoallelic_HLAI_data	152.47,1
L1PREC1:1330:2353	NFQPRISY, TTRPALQEL	Monoallelic_HLAI_data, Multiallelic_HLAI_data	152.47,2
MER45R:825:786	AVSSIIRKN, AVSSIIRKN	Monoallelic_HLAI_data	151.56,2
HARLEQUIN:1801:1675	VTIIHVTLL	Monoallelic_HLAI_data	151.17,1
HERVIP10F:2525:5720	LSSTFSSLK, LSSTFSSLK, TFETKDQF, EVLSQLHQGT, LADQVAKQA	Monoallelic_HLAI_data	150.88,5
HERVFH19I:5176:5287	MALNSSLKL, MALNSSLKL	Monoallelic_HLAI_data	150.4,2
Ricksha_a:868:979	TVHLLITVI	Monoallelic_HLAI_data	150.02,1
L1MDB_5:1388:1289	LDLLLLSH, LDLLLLSH	Multiallelic_HLAI_patient_data	150.02,2
HERVL:712:373	ILADLRLSI, ILADLRLSI	Monoallelic_HLAI_data	149.4,2
MLT2B2:249:120	QGERANSPFL	Monoallelic_HLAI_data	148.99,1
HERV3:5153:6053	ELGELTLRR, DLRELGELT, ELGELTLRR	Monoallelic_HLAI_data	148.38,3
L1PA16:81:681	SELTQEQKT, SELTQEQKT	Monoallelic_HLAI_data	148.07,2
L1PA15:81:681	SELTQEQKT, SELTQEQKT	Monoallelic_HLAI_data	148.07,2
MER83AI:2878:3424	PRFSLIPLI, PRFSLIPLI	Monoallelic_HLAI_data	147.69,2
HARLEQUIN:4806:5256	ITGLIFLKI, LITGLIFLK, LITGLIFLK	Monoallelic_HLAI_data	147.52,3
MER52AI:6106:6520	SLAHFQQEL	Monoallelic_HLAI_data	147.08,1
HUERS-P3:6059:6374	SLAHFQQEL, TQLAEAQPQEIG	Monoallelic_HLAI_data, Multiallelic_HLAI_patient_data	147.08,2
MER57A_I:3959:4268	QLNKVLQI	Monoallelic_HLAI_data	146.21,1
MER50I:5631:5592	VNSSPLEV	Monoallelic_HLAI_data	146.21,1
HERV35I:5868:5829	VNSSPLEV	Monoallelic_HLAI_data	146.21,1
PABL_AI:4298:4235	VNSSPLEV	Monoallelic_HLAI_data	146.21,1
HERV19I:4205:4142	VNSSPLEV	Monoallelic_HLAI_data	146.21,1
MER41I:3300:3078	VNSSPLEV	Monoallelic_HLAI_data	146.21,1
MER4I:3919:4021	TQEIKAIQL	Monoallelic_HLAI_data	144.83,1
MamGyp-int:4026:5061	SDQGRDFESR	Monoallelic_HLAI_data	144.38,1
HERVIP10FH:770:599	SPLLPLPLG	Monoallelic_HLAI_data	144.29,1
HERVIP10F:589:487	LSGGISLLP, LSGGISLLP, GISLLPSL	Monoallelic_HLAI_data	144.29,3
HERV4_I:2590:6052	LQEEQLIK	Monoallelic_HLAI_data	143.11,1
HUERS-P3:8648:8810	LEAIKLQMV	Monoallelic_HLAI_data	143.0,1
HUERS-P3B:6891:7305	LEAIKLQMV	Monoallelic_HLAI_data	143.0,1
MER52AI:6754:6964	LEAIKLQMV	Monoallelic_HLAI_data	143.0,1
MER83AI:3530:4019	LNSLAGVVL	Monoallelic_HLAI_data	140.98,1
LTR12C:1534:1465	RTLAVSVTVLK, RTLAVSVTVLK, RTLAVSVTVLK	Monoallelic_HLAI_data, Multiallelic_HLAI_data	140.75,3
LTR12D:1211:1040	RTLAVSVTVLK, RTLAVSVTVLK, RTLAVSVTVLK	Monoallelic_HLAI_data, Multiallelic_HLAI_data	140.75,3
LTR12:773:602	RTLAVSVTVLK, RTLAVSVTVLK, RTLAVSVTVLK	Monoallelic_HLAI_data, Multiallelic_HLAI_data	140.75,3
ERV24_Prim:369:303	SNSKQNLNL	Multiallelic_HLAI_data	139.68,1
MamRep1527:440:26	LLQSLASKEGVV, SLGLAAAIATL	Monoallelic_HLAI_data	139.28,2
MER57A_I:4362:4224	IQSIQLAL, IQSIQLAL, IQSIQLAL	Monoallelic_HLAI_data	139.28,3
L1:3292:3376	YKLPSENTI	Multiallelic_HLAI_data	139.14,1
L1PREC1:3603:3687	YKLPSENTI	Multiallelic_HLAI_data	139.14,1
X13_DNA:154:64	PESTKSKSF	Monoallelic_HLAI_data	138.9,1
HERV15I:5418:5709	VQQLTQLL	Monoallelic_HLAI_data	138.62,1
Charlie11:1830:1704	ALSLPVVE	Monoallelic_HLAI_data	138.48,1
MER21I:3461:3344	VIPASSSPP, VIPASSSPP	Monoallelic_HLAI_data	138.25,2
LTR70:754:1012	LEIWEIKK	Monoallelic_HLAI_data	138.07,1
X20_LINE:146:2	PLSTNLVI	Monoallelic_HLAI_data	137.83,1
LTR16E2:306:561	SLYWLSLL	Monoallelic_HLAI_data	137.5,1
L1HS:1987:5812	IILSKLSQEQK, IVSAQNLLK, IYNELKQIY, YAAIKNDEF, KKKTNNPIK, GSEIVAIINSL, PITGSEIVAI, GSEIVAIINSL, PITGSEIVAI, ISRIYNEL, KQVLSDLQR, PITGSEIVAI	Monoallelic_HLAI_data, Multiallelic_HLAI_patient_data	137.18,12
MLT1_I:47:1151	YKVAENLAEL, YKVAENLAEL, YKVAENLAEL, YKVAENLAEL	Monoallelic_HLAI_data, Multiallelic_HLAI_data	136.75,4
LSAU:1599:1758	VWDPVTAVRF, VWDPVTAVRF	Monoallelic_HLAI_data	136.75,2
HERV18:3968:3725	TGQLSPSR	Multiallelic_HLAI_data	136.11,1
HERVL74:2660:2405	KEASVAVLSL	Monoallelic_HLAI_data	136.11,1
MER21I:3390:3657	KPYVRIPK, KPYVRIPK	Monoallelic_HLAI_data	135.87,2
LTR70:496:685	IILPLSVTL	Monoallelic_HLAI_data	135.82,1
Tigger10:851:716	NSQPVLILL	Monoallelic_HLAI_data	135.35,1
HERV19I:5188:4987	KQNATVIEI	Monoallelic_HLAI_data	135.35,1
LTR81B:886:1153	YTQTPSWR	Monoallelic_HLAI_data	134.44,1
LTR26E:320:581	KIPSPKLL	Monoallelic_HLAI_data	134.15,1
MER34B_I:1469:1538	ADGIAKINL	Multiallelic_HLAI_data	134.08,1
LTR1D:237:69	KQGYKFSLW, KQGYKFSLW, KQGYKFSLW	Multiallelic_HLAI_patient_data	134.06,3
HERV39:8407:8611	LSKFLLLKL, GINSLAQVVL	Monoallelic_HLAI_data	133.98,2
TIGGER2:602:2483	SLIQPLDQGVI, TLRQQDQPL, SLIQPLDQGVI, SLIQPLDQGVI, ALKLKQTV	Monoallelic_HLAI_data, Multiallelic_HLAI_data, Multiallelic_HLAI_patient_data	133.6,5
Charlie24:544:691	LELYQNLDLP	Monoallelic_HLAI_data	133.55,1
MER1A:297:525	SSGLPLIL, SSGLPLIL	Monoallelic_HLAI_data	132.8,2
CHARLIE3:2480:2708	SSGLPLIL, SSGLPLIL	Monoallelic_HLAI_data	132.8,2
HERVFH21I:4943:5570	GQKTLPLTL, QKPWTSLLPIAL	Monoallelic_HLAI_data	132.57,2
HERV38I:1454:1583	IIDKNKMSS	Monoallelic_HLAI_data	132.29,1
LTR9:98:29	LPRTPIPLL, LPRTPIPLL, LPRTPIPLL, LPRTPIPLL	Monoallelic_HLAI_data	132.29,4
MER57E1:165:195	IQIRLLLQL	Multiallelic_HLAI_patient_data	132.29,1
L1ME_ORF2:1279:2287	IENLNRPIT, IESVIKNL	Monoallelic_HLAI_data	132.09,2
MER34-int:6340:6253	ILTLRSPV	Multiallelic_HLAI_patient_data	132.09,1
HERV-K14CI:170:2042	RLATPIVAR, RLATPIVAR, RLATPIVAR	Monoallelic_HLAI_data	132.08,3
MLT1F_I:18:354	NELGDLAKEI	Monoallelic_HLAI_data	131.22,1
MARE7:132:102	MTMSILLFLA	Monoallelic_HLAI_data	131.04,1
HERVKC4:2048:2144	GGDHIIQSL, GGDHIIQSL	Monoallelic_HLAI_data	131.04,2
L5:1479:1638	RTGFINTI, RTGFINTI	Monoallelic_HLAI_data, Multiallelic_HLAI_patient_data	131.04,2
MER66_I:5726:5540	TEALRGVMSI	Multiallelic_HLAI_patient_data	131.03,1
L2:215:3170	LLETLSSL, LHDLVPRYLSD, TPSSTLTPTI, LMSSLPSL, LMSSLPSL	Monoallelic_HLAI_data	130.77,5
HERVR:5679:7368	NILNATYNLL, LTQQYQVL, LPFLGPLLT, INDKLNII, VLTQQYQVL	Monoallelic_HLAI_data	130.04,5
ZAPHOD:2442:2688	NLTLQPLS, NLTLQPLS	Monoallelic_HLAI_data	130.04,2
TIGGER7:2043:1815	VTLMLRSIR, VTLMLRSIR	Monoallelic_HLAI_data	129.68,2
CHARLIE1A:1169:845	ASAFNLLRYVV, ASAFNLLRYVV, ASAFNLLRYVV	Monoallelic_HLAI_data, Multiallelic_HLAI_data	129.47,3
CHARLIE1:2475:2151	ASAFNLLRYVV, ASAFNLLRYVV, ASAFNLLRYVV	Monoallelic_HLAI_data, Multiallelic_HLAI_data	129.47,3
LTR90A:552:720	IQLLVIRGAGS, IQLLVIRGAGS	Monoallelic_HLAI_data	129.47,2
CR1_Mam:641:440	SSNSFLAHL	Multiallelic_HLAI_data	129.4,1
LTR86A2:363:429	VATSLPLS	Monoallelic_HLAI_data	129.2,1
LTR1E:346:436	FQLPIPLR	Monoallelic_HLAI_data	129.16,1
TIGGER6B:1556:1481	NQWEKLQL, NQWEKLQL	Monoallelic_HLAI_data	128.75,2
HERV17:1913:3140	YVQTFFSL	Multiallelic_HLAI_patient_data	128.75,1
LTR84a:731:587	DRTLILLI, DRTLILLI	Monoallelic_HLAI_data	128.75,2
LTR84b:735:558	DRTLILLI, DRTLILLI	Monoallelic_HLAI_data	128.75,2
HERV17:3669:6909	KAQEVIKAL, TGIALGVLTQV, GIALGVLTQVRG, GDLLEVPLTDPDL, GIALGVLTQVRG, GIALGVLTQVRG, TGIALGVLTQV, LPYRQAPSG, TGIALGVLTQV, GIALGVLTQVRG, GIALGVLTQVRG	Monoallelic_HLAI_data, Multiallelic_HLAI_data	128.61,11
LTR85b:646:385	PRHGTQPLSL	Multiallelic_HLAI_patient_data	127.56,1
PRIMA41:4519:5785	LHDSTHLG, LHDSTHLG	Monoallelic_HLAI_data	126.68,2
MLT2A2:153:24	QMLISFGNTL, QMLISFGNTL	Multiallelic_HLAI_patient_data	126.67,2
HERVK22I:2296:4999	EIEQAISQR, DVIRIPLSK, LRYVHVSI	Monoallelic_HLAI_data	126.41,3
Helitron3Na_Mam:251:356	SPKSKVTRADA	Monoallelic_HLAI_data	126.41,1
X27_DNA:203:95	QEFEKLPMV	Monoallelic_HLAI_data	126.28,1
MER52A:84:1215	AAAAQPRL, AAAAQPRL	Monoallelic_HLAI_data	126.04,2
HERV9:3456:3858	ATLDLLNFLPN	Multiallelic_HLAI_data	125.96,1
LTR25-int:6783:6717	LFISITRQD	Monoallelic_HLAI_data	125.86,1
HERVK9I:5213:6020	LSDLSIYHN	Monoallelic_HLAI_data	125.5,1
HERVK:663:408	FQDISPPVI, FQDISPPVI	Monoallelic_HLAI_data	125.25,2
HERVK:3162:5778	IPKDWPLI, KNSPHEGKLIW, FQKLLGDI, PIRDAKKSTSA, LTPEATKEIK, KEADAVSYKI, KNSPHEGKLIW	Monoallelic_HLAI_data, Multiallelic_HLAI_patient_data	124.98,7
ZAPHOD:3079:3154	HIQIIPKL, HIQIIPKL	Monoallelic_HLAI_data	124.89,2
PRIMA41:3177:2883	TTGFIWEVTSI, TTGFIWEVTSI, TTGFIWEVTSI, TTGFIWEVTSI, TTGFIWEVTSI	Monoallelic_HLAI_data	124.83,5
LTR25-int:4540:4606	ILEEVKLYL	Monoallelic_HLAI_data	124.83,1
MER57A_I:4420:4579	PLTEDNQTL, PLTEDNQTL	Multiallelic_HLAI_patient_data	124.37,2
MER87B:272:344	TPSSSPALN, TPSSSPAL	Monoallelic_HLAI_data	124.32,2
LTR8A:476:380	AESLLGGATGV	Monoallelic_HLAI_data	124.08,1
HERVK9I:152:1556	VVAPVTVRAAP, VVAPVTVRAAP, VVAPVTVRAAP	Monoallelic_HLAI_data	124.08,3
MER70B:391:184	APQLRDPGK	Monoallelic_HLAI_data	124.08,1
MER70A:391:184	APQLRDPGK	Monoallelic_HLAI_data	124.08,1
PRIMA4_I:161:2	ELLQAGSLSLRI	Monoallelic_HLAI_data	123.72,1
CHARLIE3:648:2523	IEAQLLER, SQLVHDHL, EIATKALK	Monoallelic_HLAI_data	123.69,3
HUERS-P2:687:483	LSPVQTSL	Monoallelic_HLAI_data	123.69,1
HERV-K14I:2353:2485	LLLHLFLS, LLLHLFLS	Monoallelic_HLAI_data	123.34,2
MER52AI:1436:2906	VPVSLLPLQ, VPVSLLPLQ	Monoallelic_HLAI_data	122.98,2
HERVH:3282:3837	HAASAATLIL, LKITNYAQL	Monoallelic_HLAI_data	122.79,2
HERVFH21I:2291:3089	SLDLSPSR	Monoallelic_HLAI_data	122.79,1
LTR19A:131:167	PTRNIPTL	Multiallelic_HLAI_patient_data	122.79,1
HERVK22I:954:831	GLLFTQLII	Monoallelic_HLAI_data	122.78,1
MamGyp-int:93:1275	AYVLRLETL	Multiallelic_HLAI_patient_data	122.74,1
MER101_I:2915:3065	AFLDVSELFHVT, SVQLDSVL, DVSELFHVT	Monoallelic_HLAI_data	122.5,3
MER83BI:3609:3873	PLNSSFPLI	Monoallelic_HLAI_data	122.13,1
MER52AI:4396:5623	LLLEGSAVQL	Monoallelic_HLAI_data	121.99,1
HERV39:5882:5987	FAFQNPGIITL, FAFQNPGIITL, FAFQNPGIITL	Monoallelic_HLAI_data	121.99,3
HERV9:7296:7443	IPLSSHLL	Monoallelic_HLAI_data	121.87,1
L1PA3:81:681	IILSKLSQEQK, YAAIKNDEF	Monoallelic_HLAI_data	121.85,2
L1PA2:81:681	IILSKLSQEQK, YAAIKNDEF	Monoallelic_HLAI_data	121.85,2
L1PA4:81:681	YAAIKNDEF	Monoallelic_HLAI_data	121.85,1
HERVP71A_I:5510:5441	SLLGSLLL	Monoallelic_HLAI_data	121.68,1
CHARLIE6:1229:1097	PSILLTII	Multiallelic_HLAI_patient_data	121.68,1
HERV16:4628:4454	LDISSPIRVQ, LDISSPIRVQ	Monoallelic_HLAI_data, Multiallelic_HLAI_patient_data	121.62,2
L1MEA_5:610:442	SSLSSDLLSLAG, SSLSSDLLSLAG	Monoallelic_HLAI_data	121.62,2
Eutr4:172:295	SQLGIRKV, SQLGIRKV	Monoallelic_HLAI_data, Multiallelic_HLAI_data	121.52,2
L1PREC2:5325:5163	FISLASGLSI	Monoallelic_HLAI_data	121.29,1
HERV18:1823:3512	AQALRVVD	Monoallelic_HLAI_data	121.29,1
L1PA16_5:410:485	PGSVAAQAF, PGSVAAQAF, PGSVAAQAF, PGSVAAQAF, PGSVAAQAF, PGSVAAQAF	Monoallelic_HLAI_data	120.65,6
GOLEM:2003:1604	FAISTTALLIF, FSSPAVSFSL	Monoallelic_HLAI_data	120.65,2
L1MB6_5:1042:1342	NKETKIIK	Monoallelic_HLAI_data	120.65,1
ORSL:166:136	NIEYINII	Monoallelic_HLAI_data	120.65,1
LTR18B:484:613	RELLNKTI	Monoallelic_HLAI_data	120.65,1
L1M3A_5:597:537	HLGTQARLN	Multiallelic_HLAI_data	120.65,1
LTR41B:351:510	LSTSLGSPAL	Monoallelic_HLAI_data	120.49,1
L1MDA_5:1360:1504	LKIEQQKL	Monoallelic_HLAI_data	120.46,1
UHG:238:433	TVMFQHLIIY, TVMFQHLIIY	Monoallelic_HLAI_data, Multiallelic_HLAI_patient_data	120.46,2
HERVK11I:696:1107	LTLLSFRF	Monoallelic_HLAI_data	119.89,1
L1PBA_5:251:101	LSPSHTLG, FPLSPSHTL, FPLSPSHTL, FPLSPSHTL	Monoallelic_HLAI_data, Multiallelic_HLAI_patient_data	119.57,4
HERVP71A_I:5564:7571	LDMILAEKGGV	Monoallelic_HLAI_data	119.27,1
L1ME3A:701:743	EVRIVVTL	Multiallelic_HLAI_data	118.69,1
MER41I:1429:1573	YAGESDFI	Monoallelic_HLAI_data	118.42,1
HERVK:7497:7194	NLEMSKVRLSSL	Monoallelic_HLAI_data	118.33,1
L1M2C_5:2620:2575	SISLPRLGK	Monoallelic_HLAI_data	118.32,1
MER57A_I:3243:3309	IIMVIMLNY	Multiallelic_HLAI_patient_data	118.06,1
LTR47B4:94:130	SLCRNTYSL	Monoallelic_HLAI_data	117.93,1
MER101_I:4855:4747	TVRGGPVTI	Multiallelic_HLAI_patient_data	117.93,1
HERV49I:4784:4937	KYTFVSKI	Multiallelic_HLAI_patient_data	117.93,1
LTR79:162:201	SAPSSLSL	Multiallelic_HLAI_data	117.62,1
L1MED_5:939:789	TNILNILIL	Monoallelic_HLAI_data	117.4,1
MER31_I:4826:4916	RRMSLLSL	Monoallelic_HLAI_data	117.17,1
ERVL-E:133:1717	SGFSVLARV	Monoallelic_HLAI_data	117.16,1
MER50B:362:518	LFDLQVPTW	Monoallelic_HLAI_data	117.16,1
MLT2F:429:594	LVGSSLSLLS, LVGSSLSLLS	Monoallelic_HLAI_data	117.16,2
LTR32:52:1	KLLLSGASTI, KLLLSGASTI	Monoallelic_HLAI_data	117.16,2
HERVK:2725:2947	EITMPAPLYS	Multiallelic_HLAI_patient_data	117.1,1
HERV46I:4447:4546	TTISMPVTAPTP, TAPTPAFKNLY	Monoallelic_HLAI_data	116.73,2
HAL1M8:2604:2838	NELMDLGIEHQ, NELMDLGIEHQ	Monoallelic_HLAI_data, Multiallelic_HLAI_patient_data	116.73,2
MER48:176:59	LAHTAGTSDL	Monoallelic_HLAI_data	116.54,1
HERVFH19I:2290:2092	PGTLGLPLSV	Monoallelic_HLAI_data	116.54,1
HERVFH19I:3784:3607	IDERVSGGL, VSGGLEGLK	Multiallelic_HLAI_data, Multiallelic_HLAI_patient_data	116.54,2
MER110I:1235:1124	SQASFLLRS	Multiallelic_HLAI_patient_data	116.37,1
UCON94:9:132	IILRSDRW	Monoallelic_HLAI_data	116.35,1
L1MCA_5:61:22	KPEVFIIF	Monoallelic_HLAI_data	116.35,1
HUERS-P1:6036:6243	STAFSHLHSL, LQSGSTLLTL	Monoallelic_HLAI_data	116.25,2
HERVK11DI:6903:6807	LLSGIVLL	Monoallelic_HLAI_data	116.0,1
HERV30I:3081:3471	LLEEGINSEVWA	Monoallelic_HLAI_data	114.89,1
LTR78B:1250:1130	FPSLNDISGRF	Monoallelic_HLAI_data	114.89,1
MLT1H_I:783:645	LWDNALKIL	Monoallelic_HLAI_data	114.78,1
L1PB3:687:879	IQFIHVTKNH	Monoallelic_HLAI_data	114.6,1
HERVK9I:1275:1449	GEKRKLLSL, IGLISVTL	Monoallelic_HLAI_data	114.6,2
MER57E1:256:346	PLQWSPEPLV	Monoallelic_HLAI_data	114.6,1
HERV-K14CI:3063:5178	FSILRGDPA, VNRIDSSL, TDGSSHGKAAYVG, FQKLLGDI	Monoallelic_HLAI_data	114.54,4
HERVK13I:3563:4328	GLPSRSMLAEY, GLPSRSMLAEY, FQKLLGDI	Monoallelic_HLAI_data	114.28,3
MER4A1_LTR:231:144	LSQVSLRGMTL, LSQVSLRGMTL	Monoallelic_HLAI_data	114.28,2
L1PREC1:2615:6245	ETIIRVNR, KKKTNNPIK	Monoallelic_HLAI_data	114.19,2
HERVFH19I:600:3447	QLTSPKVSY, ALQLDLSQL, LQTSQQDLL	Monoallelic_HLAI_data	113.89,3
ERVL-E:2036:5264	QPLSPATPV, QDITLVHY, ATPVLAQW, SPIWPVQKT	Monoallelic_HLAI_data	113.85,4
Charlie12:2545:2695	KVGTCLTILKD, KVGTCLTILKD	Multiallelic_HLAI_data	113.74,2
L1M3DE_5:1561:2083	KEIENIKK	Monoallelic_HLAI_data	113.7,1
MER68_I:1958:1427	IREQALSR	Monoallelic_HLAI_data	113.5,1
L1M7_5end:614:665	AGPGKTHLIQ	Monoallelic_HLAI_data	113.41,1
HERV3:4297:4420	NTSQMGAVSY, NTSQMGAVSY	Multiallelic_HLAI_patient_data	113.41,2
MamRep38:73:1	PVPYRLLNI	Monoallelic_HLAI_data	113.25,1
HERVK:2981:2909	PKKDTLFL	Monoallelic_HLAI_data	113.25,1
HERV-K14CI:4942:5065	NGTLSTVLEY	Monoallelic_HLAI_data	112.17,1
HERVK11DI:161:2225	IKADSNNL, KADSNNLI, LMGTSDLWNI	Monoallelic_HLAI_data, Multiallelic_HLAI_patient_data	111.82,3
TIGGER7:319:2128	KSYAEVAKI, KEIRASFAVA	Monoallelic_HLAI_data	111.82,2
HERVL:2204:5339	QPLSPATPV, QDITLVHY, QEKALQQVQAAV, SPIWPVQKT	Monoallelic_HLAI_data	111.73,4
ERVL-B4:2198:5333	QPLSPATPV, QEVATTLDLL, QDITLVHY, QEKALQQVQAAV, SPIWPVQKT	Monoallelic_HLAI_data	111.73,5
L1P4a_5end:1064:290	PARVPATDL	Multiallelic_HLAI_patient_data	111.73,1
MER63C:630:372	RRRMLELHSF	Multiallelic_HLAI_patient_data	111.46,1
MER9:81:207	GILKPQTIA	Monoallelic_HLAI_data	111.28,1
HERVFH19I:871:1162	LPPKPLLTL, LPPKPLLTL	Monoallelic_HLAI_data	111.28,2
L1M6_5end:2388:2238	FSSVLESIH	Monoallelic_HLAI_data	111.28,1
LTR1E:389:2	PSEVKLLL	Monoallelic_HLAI_data	111.28,1
HERVK11DI:4948:7090	NRTLKLQLLK, VTLPSGHSVP, VGKMHISSK, SPAIQVRL	Monoallelic_HLAI_data	111.06,4
HERV52I:858:801	TLGLQSDL	Monoallelic_HLAI_data	111.04,1
HERVK22I:2477:2345	LDLERATSGV	Monoallelic_HLAI_data	111.01,1
HERVL68:2724:2619	QLLGYPKQDI	Multiallelic_HLAI_patient_data	110.81,1
L1HS:2526:2331	VLKSPIINV	Monoallelic_HLAI_data	110.81,1
LTR43_I:2820:3021	TLDMTGKNIN	Multiallelic_HLAI_patient_data	110.81,1
L1ME4A:774:834	YFLFSLYFL	Monoallelic_HLAI_data	110.61,1
HERVS71:4518:7053	TLKNTLTKL, TRDLLYLL	Monoallelic_HLAI_data	110.36,2
HERVP71A_I:5135:5198	SHIWAELQI	Monoallelic_HLAI_data	110.36,1
PRIMA4_I:1204:2539	NELVNLADQLS, LAQQKAVGSL	Monoallelic_HLAI_data, Multiallelic_HLAI_patient_data	110.31,2
HSMAR2:246:321	KSLMLYEKF	Monoallelic_HLAI_data	110.31,1
HERVE:5419:5476	ALLTYSPQFTL	Monoallelic_HLAI_data	109.86,1
HUERS-P3B:5191:5071	QASGKTILKL	Monoallelic_HLAI_data	109.86,1
Eutr16:486:549	DKMPQNKLFL	Multiallelic_HLAI_patient_data	109.86,1
LTR28B:154:253	SNVAFSKTTY, SNVAFSKTTY	Multiallelic_HLAI_patient_data	109.86,2
L1M1B_5:817:1261	NKEIEIILKN	Monoallelic_HLAI_data	109.01,1
L1PREC2:3010:4021	NILKEKNL, LTDEIASIK	Monoallelic_HLAI_data	109.01,2
HERV4_I:6503:6455	GGRGTDGLSSV	Monoallelic_HLAI_data	109.01,1
HERV9:6850:7087	IHSPVTMNTI	Monoallelic_HLAI_data	109.01,1
MER84I:4588:4720	SLQQQLPF	Monoallelic_HLAI_data	108.98,1
LTR5B:869:1001	LCLISFLSL	Monoallelic_HLAI_data	108.98,1
HERVL66I:2421:2211	LNQLLAGGKE	Multiallelic_HLAI_patient_data	108.46,1
HUERS-P3:247:562	LEEVLRQL	Monoallelic_HLAI_data	108.24,1
HERV-K14I:3423:3516	LLYEVILTL	Monoallelic_HLAI_data	108.24,1
SVA_D:996:882	IRFLNLFPT	Monoallelic_HLAI_data	108.24,1
SVA_F:985:871	IRFLNLFPT	Monoallelic_HLAI_data	108.24,1
HERVL66I:1683:1764	LMHLCFLLTDY	Monoallelic_HLAI_data	108.09,1
L1MA9_5:1525:1072	LALGQAWSL	Monoallelic_HLAI_data	108.09,1
PRIMA4_I:6124:5857	PIDKISGLQ, RERTVKGIL	Monoallelic_HLAI_data, Multiallelic_HLAI_patient_data	107.9,2
HERV19I:4203:4296	PSAEQSSI, PSAEQSSI	Monoallelic_HLAI_data	107.67,2
L1M3A_5:1762:1870	IPEGEERKR	Monoallelic_HLAI_data	107.66,1
CHARLIE1A:792:645	MLTHFIIQY	Monoallelic_HLAI_data	107.66,1
CHARLIE1:2098:1951	MLTHFIIQY	Monoallelic_HLAI_data	107.66,1
HERVH:3374:3236	STRFPFVSL	Monoallelic_HLAI_data	107.66,1
L1M3C_5:227:11	DVGKVKLFF	Monoallelic_HLAI_data	107.59,1
HERVK22I:4793:6821	TPDNLFLAM, IVSAIVIL	Monoallelic_HLAI_data	107.43,2
CHARLIE6:1568:1367	SWPLLVLGSSL, EDKTLNISW	Monoallelic_HLAI_data	107.43,2
HERVL66I:1669:1525	TSLFPINHL, TSLFPINHL	Monoallelic_HLAI_data	107.43,2
HERVFH21I:6252:6516	IPTAPGTAVP	Monoallelic_HLAI_data	107.43,1
MER70C:203:365	LRGGDGVLLL	Monoallelic_HLAI_data	107.29,1
LTR5A:232:394	LESRVLSK	Monoallelic_HLAI_data	107.19,1
MER89I:5291:5426	IILLIFHR	Monoallelic_HLAI_data	106.84,1
LTR19C:497:671	SPFIKTLTFLL	Multiallelic_HLAI_patient_data	106.6,1
L1MEg_5end:1773:1875	LIERENGIIKI, LIERENGIIKI	Monoallelic_HLAI_data	106.42,2
HAL1B:561:642	KLLDNEIQPTK	Monoallelic_HLAI_data	106.42,1
L1PB2c:2534:6383	KKKTNNPIK, LIFDKANK, LKELKVELP	Monoallelic_HLAI_data	106.36,3
ERV24_Prim:6233:6128	DILSNLVLGKE	Monoallelic_HLAI_data	106.36,1
L1PB2:81:681	LKELKVELP	Monoallelic_HLAI_data	106.36,1
ERVL-E:3996:4179	QPLLSAQPA, QPLLSAQPA	Monoallelic_HLAI_data	106.36,2
MER66_I:5027:5372	SIVNISKII	Monoallelic_HLAI_data	106.36,1
MER106B:302:170	HSFVALIL	Monoallelic_HLAI_data	106.29,1
UCON91:55:145	ASSLVLVI	Monoallelic_HLAI_data	106.29,1
L1MA5A:974:875	SDQIRVISI	Monoallelic_HLAI_data	106.04,1
Tigger12:281:1271	NVKLTGEAA	Monoallelic_HLAI_data	105.81,1
MER52AI:3685:3532	QSPFPVGFLY	Monoallelic_HLAI_data	105.57,1
HUERS-P3:671:962	LLPLVWTA	Monoallelic_HLAI_data	105.42,1
HERVS71:6292:6214	TQPGVVLLL	Monoallelic_HLAI_data	105.39,1
CHARLIE6:624:2493	EELQNKTE	Multiallelic_HLAI_data	105.39,1
MER34-int:5609:5489	GVSTSSRIAF	Monoallelic_HLAI_data	105.39,1
L1MA6:595:490	SFLWLNSI	Monoallelic_HLAI_data	105.39,1
L1MA5A:595:490	SFLWLNSI	Monoallelic_HLAI_data	105.39,1
L1MA5:595:490	SFLWLNSI	Monoallelic_HLAI_data	105.39,1
L1MA10:595:490	SFLWLNSI	Monoallelic_HLAI_data	105.39,1
MER70_I:879:777	PTHKQISTI	Monoallelic_HLAI_data	105.39,1
L1PREC2:6835:6724	ALYSVPLVY	Monoallelic_HLAI_data	105.22,1
HUERS-P3B:5504:5576	GIEKERTGL	Monoallelic_HLAI_data	105.2,1
HERV-K14CI:6243:6342	ELKQITLL	Monoallelic_HLAI_data	105.2,1
L1ME_ORF2:3266:2846	FSPMFSSKSF, FSPMFSSKSFI, ILMKSNLSI	Monoallelic_HLAI_data	105.14,3
HERVH48I:3926:6452	FLIPFPNLTDQ, DKWPPQQII, TQGVSTSLGIK	Monoallelic_HLAI_data, Multiallelic_HLAI_data	105.12,3
HERVK13I:1144:1366	VILQSPIPA, VILQSPIPA	Monoallelic_HLAI_data	105.12,2
HERV-K14I:3866:3779	GINISLLNL	Monoallelic_HLAI_data	104.75,1
CHARLIE7:1908:1743	SFFRKAVTF	Monoallelic_HLAI_data	104.75,1
HERVP71A_I:6070:5872	LHSKFWQL	Monoallelic_HLAI_data	104.45,1
MER65I:1923:1992	SRDLSKSL	Monoallelic_HLAI_data	104.45,1
CHARLIE6:3331:3169	TLMQVSSV	Monoallelic_HLAI_data	104.45,1
LTR43_I:4292:4565	VTYSKSRFM	Monoallelic_HLAI_data	104.21,1
HERVI:842:650	RGISLLLFS	Monoallelic_HLAI_data	104.21,1
HERV19I:5153:5192	SKHAPLPLI	Monoallelic_HLAI_data	104.21,1
L1MA9_5:1029:1962	PADPGSRPAPM	Multiallelic_HLAI_data	103.83,1
Charlie25:383:2363	LNSLNLSLQ	Multiallelic_HLAI_patient_data	103.74,1
PRIMA4_I:3438:3582	TQAPSSPQPTY, TQAPSSPQPTY	Monoallelic_HLAI_data	103.74,2
LTR25:339:399	NTVGSGGFRWT	Monoallelic_HLAI_data	103.74,1
HERVL74:3443:3569	PLIMSPPIF	Monoallelic_HLAI_data	103.71,1
LTR87:364:136	LLQEILAPVG, AVWTAAWTL	Monoallelic_HLAI_data	103.29,2
MamGyp-int:4970:4703	KLFRWITL	Monoallelic_HLAI_data	102.98,1
HERVL74:3825:4491	QVQLHTILLTI, LLDSATLNWG	Monoallelic_HLAI_data	102.72,2
CR1_Mam:1021:778	LHILSTVSPLS	Monoallelic_HLAI_data	102.72,1
LTR13:780:648	QLTPLFLLI	Monoallelic_HLAI_data	102.72,1
Helitron1Nb_Mam:317:200	ILSLISKRL	Monoallelic_HLAI_data	102.71,1
HERV52I:2939:3464	MVTKAFISL	Monoallelic_HLAI_data	102.71,1
ZAPHOD:3422:3230	LSQKILQNI	Monoallelic_HLAI_data	102.71,1
HERVK:870:741	SIDRLLAVGSY	Monoallelic_HLAI_data	101.9,1
MER50I:4069:4147	TLSTLLSGVL	Monoallelic_HLAI_data	101.69,1
MER61I:4175:4217	ITEVKRHSAGE	Monoallelic_HLAI_data	101.64,1
HERVFH21I:344:1262	HDLYIILSYT, VTSFIPDKFRG, PSKTTPLGASSAI, HDLYIILSYT	Monoallelic_HLAI_data, Multiallelic_HLAI_patient_data	101.64,4
LSAU:319:130	APAASQLPP	Monoallelic_HLAI_data	101.64,1
HERVK11I:5623:7951	LSLDITKLK, INDLRQSVI, INDLRQSVI	Monoallelic_HLAI_data, Multiallelic_HLAI_patient_data	101.28,3
HERVL68:1401:1437	TQTLGLLQI	Monoallelic_HLAI_data	101.28,1
LTR25-int:5662:5797	VSDNRKTY	Monoallelic_HLAI_data	101.21,1
MER83AI:3955:3844	MRYIALTI	Monoallelic_HLAI_data	100.82,1
X26_DNA:396:531	PNYNIVPMG	Monoallelic_HLAI_data	100.82,1
LTR58:73:121	IPSPTFLPP	Multiallelic_HLAI_data	100.82,1
HERV19I:269:500	GISLSPLLLL	Monoallelic_HLAI_data	100.75,1
HERVK11DI:3079:4327	FQKLLGDI	Monoallelic_HLAI_data	100.74,1
HERVK9I:2364:5094	EKTLDLLIF, WLTDKPIW, EKTLDLLIF, FQKLLGDI	Monoallelic_HLAI_data	100.74,4
HERV-K14I:2816:5180	IQTSTPFQYL, FQKLLGDI, NLLFHSLQQAV	Monoallelic_HLAI_data	100.74,3
HERVL74:2508:2982	ATIISDGAQW	Monoallelic_HLAI_data	100.45,1
HARLEQUIN:4832:4682	VGEAAPVHVQL	Monoallelic_HLAI_data	100.45,1
HERV-K14I:3146:3062	FSNWLNSF	Monoallelic_HLAI_data	100.45,1
MER70_I:1909:2473	APRVTLQP	Monoallelic_HLAI_data	100.39,1
MER34-int:3081:3438	GIEPIIDSL	Multiallelic_HLAI_patient_data	100.37,1
HERVK:1146:945	VASVLTLL	Monoallelic_HLAI_data	100.27,1
Charlie13a:168:1032	DLFKEVQVF	Monoallelic_HLAI_data	100.19,1
Charlie11:1650:1494	TVANALSL	Monoallelic_HLAI_data	100.19,1
GOLEM:462:2304	LLELEQERIAE	Multiallelic_HLAI_data	100.15,1
L1ME3C_3end:203:2	LLICRSSL	Monoallelic_HLAI_data	100.07,1
L1ME3F_3end:206:2	LLICRSSL	Monoallelic_HLAI_data	100.07,1
HERVH:6642:6573	LIIYEQPF	Monoallelic_HLAI_data	100.07,1
MER121:5:119	NAFLPSTF	Monoallelic_HLAI_data	100.07,1
HERVE:2745:2556	LSQSWSYL	Monoallelic_HLAI_data	100.07,1
MamGypLTR1a:505:553	GISAVTSV	Multiallelic_HLAI_data	100.07,1
Charlie11:218:1991	LSEHFNKRHG, ILVPFATTY	Monoallelic_HLAI_data, Multiallelic_HLAI_patient_data	99.919,2
HERVI:6837:6951	ELKSFQEL	Monoallelic_HLAI_data	99.755,1
HERVS71:190:25	AVLPGEPGA	Monoallelic_HLAI_data	99.384,1
EuthAT-2:1908:1854	MKIKSEIY	Monoallelic_HLAI_data	99.139,1
ERVL-B4:3849:3933	KLVTRKFGEE	Monoallelic_HLAI_data	98.523,1
L1PREC2:2520:2364	SVLWAQAGGSL, SVLWAQAGGSL, SVLWAQAGGSL	Monoallelic_HLAI_data	98.523,3
L1M6_5end:1117:1849	TEAIIKDII, DTAENRISDVE	Monoallelic_HLAI_data	98.39200000000001,2
6kbHsap:278:233	MLYTINNGR	Monoallelic_HLAI_data	98.133,1
LTR82A:293:248	MLINKPLIS	Monoallelic_HLAI_data	98.133,1
L1MCA_5:887:779	VNRPLVNVV	Monoallelic_HLAI_data	98.133,1
L1MC4_5end:2438:2315	FHLPGISL	Monoallelic_HLAI_data	98.03,1
MER4E:608:440	TQSGGFQAIGK	Monoallelic_HLAI_data	97.635,1
PABL_BI:3811:4345	KYAKQVLEL	Monoallelic_HLAI_data	97.602,1
HERVIP10FH:1925:1799	EVRIIHVTL	Monoallelic_HLAI_data	97.602,1
MER61I:2588:2498	ILEIPYNF	Monoallelic_HLAI_data	97.596,1
HUERS-P3B:5325:5235	ILEIPYNF	Monoallelic_HLAI_data	97.596,1
MLT2B3:641:389	LGELAHLI	Monoallelic_HLAI_data	97.596,1
HERVG25:1095:1035	ASSGLLKV	Monoallelic_HLAI_data	97.473,1
HERVE:1527:1878	QLLEIANQVF	Monoallelic_HLAI_data	97.09299999999999,1
HUERS-P1:6152:6011	KNISILIYS	Monoallelic_HLAI_data	97.09299999999999,1
HERV57I:4578:4461	HNSQLVSF	Monoallelic_HLAI_data	97.071,1
MER34C2:289:211	QIKVSQVI	Monoallelic_HLAI_data	97.071,1
L5:195:369	FLLLSGNRI	Monoallelic_HLAI_data	97.071,1
HERVH:4534:4630	VQASSLSYT	Monoallelic_HLAI_data	97.03299999999999,1
HUERS-P2:1872:2067	DLKQIKGDLG	Multiallelic_HLAI_patient_data	96.948,1
CHARLIE3:2176:1966	PLWLGSNAQTL	Monoallelic_HLAI_data	96.492,1
CHARLIE2A:1584:2244	LSDIAITKL, IFHKLNEL	Multiallelic_HLAI_patient_data	96.492,2
HERVS71:3993:3768	SDRGVVSKSW	Monoallelic_HLAI_data	96.492,1
MER52B:1242:1338	KEKERRAVALR	Monoallelic_HLAI_data	96.34200000000001,1
MLT1J-int:562:499	ATLRPSETIGLGGK, ATLRPSETIGLGGK, ATLRPSETIGLGGK	Monoallelic_HLAI_data, Multiallelic_HLAI_data	96.331,3
HERV23:3710:3533	LMNSFQILEKP, LMNSFQILEKP	Monoallelic_HLAI_data	96.25299999999999,2
RICKSHA:112:148	SKIPKITI	Monoallelic_HLAI_data	96.19,1
L1M2_5:1394:632	VAAAIGRR	Monoallelic_HLAI_data	95.95700000000001,1
HERVK11I:6824:7022	LIDPGMPLYL	Monoallelic_HLAI_data	95.62,1
L1M6_5end:1416:984	LFLFHRGHVF	Monoallelic_HLAI_data	95.62,1
HERV4_I:2258:2474	TAPAPTEGLSQAK	Monoallelic_HLAI_data	95.35799999999999,1
HERV-K14I:5511:5295	LPLWLITM	Monoallelic_HLAI_data	94.669,1
MER51B:201:366	LLLLHSFL	Monoallelic_HLAI_data	94.669,1
PABL_BI:1302:1428	QTIPQTLT, TQTIPQTL	Monoallelic_HLAI_data	94.539,2
ERV3-16A3_I:1748:1658	MAIGLCRRKEK	Multiallelic_HLAI_data	94.302,1
Tigger13a:278:626	ERLDKGESL, QIASQVSL, IASQVSLSSRSTL	Monoallelic_HLAI_data	94.262,3
L1M2A1_5:517:97	GPSGSRVSPI, VPGLPSPSL, VPGLPSPSL	Monoallelic_HLAI_data, Multiallelic_HLAI_data	94.163,3
HERV39:3512:3587	SSDSALWLI	Monoallelic_HLAI_data	94.163,1
HERVK11I:3294:5766	QPFQPFQLL, LHIAQDKI, RLQQVVRQR	Monoallelic_HLAI_data, Multiallelic_HLAI_patient_data	93.992,3
HERVP71A_I:460:2014	QDLRELIIK, TPSSQEEIGYAL, TPSSQEEIGYAL	Monoallelic_HLAI_data	93.374,3
L1M2C_5:3505:3631	VEDFNPTLSIG	Monoallelic_HLAI_data	93.374,1
HERVFH19I:3344:3479	FIPRINHNS	Monoallelic_HLAI_data	93.262,1
L1P4d_5end:1932:1848	LGSIAGELVQSFGGK, LGSIAGELVQSFGGK	Monoallelic_HLAI_data	93.111,2
HERVIP10F:5311:5203	RGAVRILSR	Multiallelic_HLAI_patient_data	93.111,1
PRIMA41:5619:5415	LGSPNLGI	Monoallelic_HLAI_data	92.822,1
HERVK3I:6004:5953	IQKTFRSP	Monoallelic_HLAI_data	92.69200000000001,1
L1:2648:2423	SPIIIVWE	Monoallelic_HLAI_data	92.69200000000001,1
ZOMBI:2497:2647	AEIVTPLL	Multiallelic_HLAI_patient_data	92.69200000000001,1
L1MC3:595:463	SVVHSFLSL	Monoallelic_HLAI_data	92.46700000000001,1
HERV3:4128:4401	LTDRPLGDPDVE	Monoallelic_HLAI_data	92.439,1
MLT1J-int:48:552	PAAKIRLR	Monoallelic_HLAI_data	92.191,1
LTR81B:1160:929	GLVTAEVRL	Multiallelic_HLAI_patient_data	91.906,1
MamGypLTR2:828:717	GLVTAEVRL	Multiallelic_HLAI_patient_data	91.906,1
L1M2A1_5:1030:526	HVSVSQQPI	Monoallelic_HLAI_data	91.906,1
MSTA2:318:432	LQNHELNKP	Multiallelic_HLAI_patient_data	91.906,1
MER4E:586:748	HSYLAQNKS	Monoallelic_HLAI_data	91.9,1
MER83BI:999:1341	AEGQATGRQTAPM	Multiallelic_HLAI_data	91.867,1
HERV4_I:955:2506	KILMAQHFISQ	Multiallelic_HLAI_data	91.853,1
MER65D:193:277	NELMPTLAL	Monoallelic_HLAI_data	91.626,1
HERVL:710:1787	VGTAVTQL	Monoallelic_HLAI_data	91.584,1
ERVL47:5015:5213	MTAAPLTSKGSGTI	Monoallelic_HLAI_data	91.584,1
HUERS-P3:7161:7062	SSGSSRGSLVLL	Multiallelic_HLAI_patient_data	91.318,1
HERVE:1884:2151	GALLNLAEGLL	Monoallelic_HLAI_data	91.041,1
ERVL:2243:3779	QEVATTLDLL, QDITLVHY, QEKALQQVQAAV, SPIWPVQKT	Monoallelic_HLAI_data	91.041,4
MER65C:305:239	HIVLKESSL	Multiallelic_HLAI_patient_data	90.777,1
LTR10B:510:306	NLLLQKGASRRS	Monoallelic_HLAI_data	90.65700000000001,1
MER34-int:4673:4535	ISIAARQSCGME	Multiallelic_HLAI_data	90.65700000000001,1
MER52C:598:883	LRSIKALGSARAG	Monoallelic_HLAI_data	90.61399999999999,1
HERV30I:3572:3725	LTPSSSLP	Monoallelic_HLAI_data	89.70299999999999,1
HERV-K14CI:6787:6589	NLFDLLSI	Monoallelic_HLAI_data	89.67299999999999,1
ERV24B_Prim:893:2231	IYLRAQLEK	Monoallelic_HLAI_data	89.55,1
MLT1C1:281:392	PAAKPPEA	Monoallelic_HLAI_data	89.55,1
HERV-K14I:1378:1150	LEPSNKINI	Monoallelic_HLAI_data	89.369,1
RPS2:493:595	LLCVTQILL	Monoallelic_HLAI_data	89.14200000000001,1
L1MC5:1590:1659	KSRLWETL	Monoallelic_HLAI_data	89.12299999999999,1
HAL1M8:2834:2921	KSRLWETL	Monoallelic_HLAI_data	89.12299999999999,1
HERVR:2211:5610	THYQALLLDTDR, THYQALLLDTDR, THYQALLLDTDR	Monoallelic_HLAI_data	88.948,3
MamRep605:539:713	ISHCKLINW	Monoallelic_HLAI_data	88.94200000000001,1
LTR43_I:658:577	QQALPYFTDL	Monoallelic_HLAI_data	88.94200000000001,1
LTR47B:226:151	GFTVSMRLSR	Monoallelic_HLAI_data	88.94200000000001,1
HERV3:7352:7268	IIEVFNSQTL	Monoallelic_HLAI_data	88.94200000000001,1
L1MEe_5end:637:784	RIEIEYITS	Monoallelic_HLAI_data	88.94200000000001,1
Tigger13a:106:244	PNLFMPVVL	Monoallelic_HLAI_data	88.734,1
L1MA7:824:878	TIVNNNVL	Monoallelic_HLAI_data	88.734,1
MER88:303:414	SLGPVSII	Monoallelic_HLAI_data	88.64299999999999,1
EuthAT-1:640:394	MPVRISML, VLWGHLITL, VLWGHLITL	Monoallelic_HLAI_data, Multiallelic_HLAI_patient_data	88.59100000000001,3
HERVFH19I:2482:2341	SPQYPKER	Monoallelic_HLAI_data	88.029,1
L2:2913:3249	ALFFFIALI, ALFFFIAL	Monoallelic_HLAI_data	87.758,2
L1M3A_5:1357:1618	KEIETILKN	Monoallelic_HLAI_data	87.696,1
HARLEQUIN:5699:5780	MAMGSPRISTY, MAMGSPRISTY	Monoallelic_HLAI_data	87.616,2
PRIMA41:3636:3423	KLIEKPNDYQGSV	Monoallelic_HLAI_data	87.476,1
HERV57I:2693:3581	EQQLLAMYRA	Monoallelic_HLAI_data	87.323,1
ERVL-E:4191:4293	QPPGGRLITL, QPPGGRLITL	Monoallelic_HLAI_data, Multiallelic_HLAI_patient_data	87.323,2
LTR47B3:262:463	TDKLDLSAS	Monoallelic_HLAI_data	87.323,1
LTR47B:199:442	TDKLDLSAS	Monoallelic_HLAI_data	87.323,1
MER28:19:199	TLRQQDQPL	Monoallelic_HLAI_data	87.181,1
MER74:511:622	LNNKTYILK	Monoallelic_HLAI_data	87.181,1
LTR16D1:239:368	GELAPRGVNL	Monoallelic_HLAI_data	86.95299999999999,1
L1M3A_5:582:678	RCPPQHISA	Multiallelic_HLAI_data	86.866,1
UCON55:50:167	KTDLPYTEF	Monoallelic_HLAI_data	86.833,1
PRIMA4_I:6513:7908	LDILMAAQGGT	Monoallelic_HLAI_data	86.833,1
HUERS-P3:5998:5926	MISFVFSTFPE	Monoallelic_HLAI_data	86.794,1
MER21I:2622:2529	ISQVSIALL	Monoallelic_HLAI_data	86.794,1
L1PBA_5:2386:2260	SSSGTPIIL	Monoallelic_HLAI_data	86.512,1
L1PB2c:2081:1883	SSSGTPIIL, GKFSSIIPPNMFS	Monoallelic_HLAI_data, Multiallelic_HLAI_patient_data	86.512,2
L1MC2:851:551	TTDLFTVSIV	Monoallelic_HLAI_data	86.47200000000001,1
L1MB4_5:1141:1021	FPQGLFFLI	Monoallelic_HLAI_data	86.113,1
L1MB4:114:672	LTPTRMAI	Monoallelic_HLAI_data	86.086,1
MER31A:269:425	SPISLPHCKIP	Monoallelic_HLAI_data	86.01100000000001,1
HERVIP10FH:3607:5101	QIAAGFESIF	Monoallelic_HLAI_data	85.81299999999999,1
HERVIP10F:5620:7735	QIAAGFESIF, QGLTALSNELASN	Monoallelic_HLAI_data	85.81299999999999,2
Eutr10:341:689	SPLGLGRQEGAL, SPLGLGRQEGAL	Monoallelic_HLAI_data	85.73100000000001,2
MER21I:4097:3929	FAGFHSIL	Multiallelic_HLAI_patient_data	85.306,1
THE1_I:48:1398	EEISKQQSV	Monoallelic_HLAI_data	85.265,1
MST_I:47:1466	VQDVTWLLL, EEISKQQSV	Monoallelic_HLAI_data	85.265,2
PABL_AI:4896:5013	LSQQEVARK	Monoallelic_HLAI_data	85.212,1
MLT1G3:481:340	LSLLHDVWGLS	Monoallelic_HLAI_data	85.212,1
LTR89:762:324	GAGNATSQAQLK	Multiallelic_HLAI_patient_data	85.161,1
LTR18C:341:248	EGSGWTWGREL	Monoallelic_HLAI_data	85.064,1
X27_DNA:193:88	LLLTHLPL	Monoallelic_HLAI_data	85.061,1
PRIMA41:4657:4567	LTDNSIPSFSVSL	Monoallelic_HLAI_data	84.81700000000001,1
HERV30I:346:835	SPDRLSPSL	Monoallelic_HLAI_data	84.568,1
HERV-K14I:148:1795	FTSPSAPPAELS, LTAPVVAT, SPFVQTLL, FTSPSAPPAELS, GVKVSTQNLLSLF	Monoallelic_HLAI_data	84.568,5
HERVFH19I:6000:7665	IVGVSLASSLSI	Monoallelic_HLAI_data	84.568,1
L2:2530:2347	TEMGKTVGGAG	Monoallelic_HLAI_data	84.568,1
LTR1A1:382:1	SLPSTSLP	Monoallelic_HLAI_data	84.359,1
LTR2C:248:125	QLTEQKVL	Monoallelic_HLAI_data	84.359,1
HERVP71A_I:2230:5518	EEIQAVKEL	Multiallelic_HLAI_data	84.244,1
HERVK13I:5073:5001	GSNMSNVKGGTVF, GSNMSNVKGGTVF	Multiallelic_HLAI_patient_data	83.948,2
L1M2A_5:1715:1439	AGVLGSGSREPIVA, AGVLGSGSREPIVA	Monoallelic_HLAI_data	83.948,2
LTR1B1:440:92	LSIWSSAPL	Monoallelic_HLAI_data	83.801,1
LTR37-int:1885:1843	PIKTERTL	Monoallelic_HLAI_data	83.801,1
MER57A_I:2020:1900	TQVPSLMSSQSSW	Monoallelic_HLAI_data	83.78299999999999,1
THE1_I:1196:1121	ALQGTASLLAA	Monoallelic_HLAI_data	83.75299999999999,1
UCON32:102:27	SPGISTPTSI	Multiallelic_HLAI_patient_data	83.75299999999999,1
HERV39:3628:3709	LNHLQGSQI	Multiallelic_HLAI_patient_data	83.61399999999999,1
MER50I:1186:1090	RGMEEILYL	Monoallelic_HLAI_data	83.61399999999999,1
MER68B:308:17	VFIGGWSRR	Multiallelic_HLAI_patient_data	83.61399999999999,1
L1ME_ORF2:2407:2281	NMVYLSIYL	Monoallelic_HLAI_data	83.61399999999999,1
EuthAT-2:910:790	VNKTLLVI	Multiallelic_HLAI_patient_data	83.61399999999999,1
HERV4_I:5985:5835	ASGIAGLILER	Monoallelic_HLAI_data	83.397,1
L1PREC1:5248:5155	LSGLLKIR	Monoallelic_HLAI_data	83.37700000000001,1
ERV24B_Prim:3637:3430	FGIQFLQYPAS	Monoallelic_HLAI_data	83.265,1
L1MC3:158:2	FLLLSFKSSLYI	Monoallelic_HLAI_data	83.265,1
L1MC2:158:2	FLLLSFKSSLYI	Monoallelic_HLAI_data	83.265,1
L1MC1:158:2	FLLLSFKSSLYI	Monoallelic_HLAI_data	83.265,1
PRIMA4_I:6846:6756	YASTKNTRPFL	Multiallelic_HLAI_patient_data	83.265,1
LTR1D1:184:1	PGFGLRVG	Monoallelic_HLAI_data	83.229,1
HERVK13I:1911:1734	KGGTSSAIILN, KGGTSSAIILN, KGGTSSAIILN	Monoallelic_HLAI_data	83.206,3
ERV3-16A3_I:4970:4778	FTVTIGQGSTK	Monoallelic_HLAI_data	83.206,1
MER70_I:38:197	GDISLGVQGLDMQL, GDISLGVQGLDMQL, GDISLGVQGLDMQL	Monoallelic_HLAI_data	82.749,3
HERVS71:2055:1980	LQGATRLQTL	Monoallelic_HLAI_data	82.749,1
L1MDA_5:2293:2656	QKTKNKMADLSP, LSPNISII	Monoallelic_HLAI_data	82.71600000000001,2
L1P_MA2:7168:6700	NMGVQISLQY	Monoallelic_HLAI_data	82.671,1
LTR37-int:3093:3027	ILTQSTGTV	Monoallelic_HLAI_data	82.671,1
L1P_MA2:216:75	LFSASFSDMKL	Monoallelic_HLAI_data	82.45200000000001,1
L1M1_5:235:94	LFSASFSDMKL	Monoallelic_HLAI_data	82.45200000000001,1
L1M6_5end:892:1054	AEQGKGNIIL	Monoallelic_HLAI_data	82.45200000000001,1
HERV3:7580:7637	GISATASQMDRGL	Monoallelic_HLAI_data	82.287,1
LTR16E2:356:53	ELSAQGTKGGSIY	Monoallelic_HLAI_data	81.97200000000001,1
LTR27E:398:347	RVSKAEEEFY	Monoallelic_HLAI_data	81.78399999999999,1
MamGypLTR2c:1058:731	VHVPSSVL	Monoallelic_HLAI_data	81.71600000000001,1
HERVL74:1703:2030	YTFTRLLMG	Monoallelic_HLAI_data	81.635,1
HERV3:4426:4384	PHTLLSGPLP	Monoallelic_HLAI_data	81.635,1
L1MA5:1009:796	VTLQCYRTL	Monoallelic_HLAI_data	81.635,1
LTR25-int:6952:7123	FLLRTLKP	Monoallelic_HLAI_data	81.635,1
MER101_I:2080:2146	GLLVHDWQL	Monoallelic_HLAI_data	81.635,1
HERV23:759:681	TSEWSLLTN	Monoallelic_HLAI_data	81.635,1
LTR45B:72:30	EKQLTTLL	Monoallelic_HLAI_data	81.635,1
LTR9C:382:571	SSSFLSIKL	Monoallelic_HLAI_data	81.548,1
MER39:496:586	SSNLSIKIEF	Monoallelic_HLAI_data	81.525,1
L1MB4_5:278:2	LPTLPFLLI	Monoallelic_HLAI_data	81.381,1
MER39:31:241	SLSLTFSRP	Monoallelic_HLAI_data	81.297,1
CHARLIE9:2239:1669	HVAKEKMA	Monoallelic_HLAI_data	81.297,1
L1MC1:847:697	KILCAPPVHPSLP	Monoallelic_HLAI_data	81.296,1
HERVL:161:41	TPKPTKEL, TPKPTKEL	Monoallelic_HLAI_data	81.119,2
HERVK:4940:4979	LPNRRKYF	Monoallelic_HLAI_data	80.999,1
HERVL74:172:289	LNSGGSIKAL	Monoallelic_HLAI_data	80.684,1
L1MA9_5:1646:1484	LVLGWALSL	Multiallelic_HLAI_patient_data	80.555,1
HERV16:722:1400	DKGEFIDLGALS	Monoallelic_HLAI_data	80.438,1
HERVK22I:1856:2324	TQKQKIVSI	Multiallelic_HLAI_patient_data	80.438,1
LTR37-int:83:152	GSRSESQAAIEL	Monoallelic_HLAI_data	80.438,1
LTR76:176:2	LPLGQVSLI	Multiallelic_HLAI_patient_data	80.229,1
ERV24_Prim:4956:4845	PSNHLIGAPMS	Monoallelic_HLAI_data	80.165,1
HERVH48I:1485:1605	FITKLLPSLL	Monoallelic_HLAI_data	80.165,1
MER84I:2512:2803	KEPLQSIEPRI	Monoallelic_HLAI_data	80.102,1
L1MDA_5:1047:1227	AIIKNASISNY	Monoallelic_HLAI_data	79.906,1
MER57I:2860:2710	KTEFFPKTGSV	Monoallelic_HLAI_data	79.906,1
SVA_E:562:334	EAKAGGWEVVVA	Monoallelic_HLAI_data	79.906,1
X13_DNA:442:397	LLPSFLLQI	Monoallelic_HLAI_data	79.597,1
L1MB4:614:551	ACIRISFLF, ACIRISFLF	Monoallelic_HLAI_data	79.597,2
HERVK9I:2687:2159	HFKGIGSGGLTM	Monoallelic_HLAI_data	79.47399999999999,1
MER83AI:497:662	SPGPAPGGVLPLPF, SPGPAPGGVLPLPF	Monoallelic_HLAI_data	79.47399999999999,2
L1PREC2:122:32	APSISLRESGTH	Monoallelic_HLAI_data	79.47399999999999,1
CHARLIE3:2471:2372	VLLMSSLLRN	Monoallelic_HLAI_data	79.469,1
MER70_I:3047:3434	FVQDVTSL	Monoallelic_HLAI_data	79.469,1
HERVL:1729:1783	ISRLEPVY	Monoallelic_HLAI_data	79.454,1
L1M1B_5:1112:1031	DFLKLFQSL	Monoallelic_HLAI_data	79.45100000000001,1
ERV24_Prim:2400:5919	PESKGNQL, QIDPSKPL	Monoallelic_HLAI_data	79.146,2
PRIMA4_LTR:282:189	VTAPVKISY	Monoallelic_HLAI_data	79.116,1
L1PA12:684:777	THWGLSEGGGW	Monoallelic_HLAI_data	79.116,1
L1PA11:684:777	THWGLSEGGGW	Monoallelic_HLAI_data	79.116,1
HERVH:3834:3765	RIMWEAGLKSR	Monoallelic_HLAI_data	79.059,1
MER113:325:373	LWQVILVF, LWQVILVF	Monoallelic_HLAI_data	79.027,2
LTR37A:22:121	VIVFELFY	Monoallelic_HLAI_data	79.027,1
LTR65:125:2	EILFPVIL	Monoallelic_HLAI_data	79.027,1
HERVH48I:3376:3481	IPPPVPPAS	Monoallelic_HLAI_data	78.994,1
HERVFH21I:6387:6129	GHQRTFSLIF	Monoallelic_HLAI_data	78.77,1
CHARLIE3:916:796	AGLENVNHLLQ, EAVLKVSWL	Monoallelic_HLAI_data	78.77,2
HERV39:8622:9057	IREHDILL	Monoallelic_HLAI_data	78.616,1
UCON89:18:72	FSFSSVKF	Monoallelic_HLAI_data	78.616,1
LTR45:474:366	RQEVGSNLSPRF	Monoallelic_HLAI_data	78.334,1
X26_DNA:326:209	TLIIQGTSMTI	Monoallelic_HLAI_data	78.334,1
HERV57I:3441:3699	HKSGHQGAATGWA	Monoallelic_HLAI_data	78.334,1
HERV16:406:1	SQFTTSESF	Monoallelic_HLAI_data	78.324,1
MER101B:31:406	EVLKVKTEPGSH	Monoallelic_HLAI_data	78.149,1
HERVIP10FH:4953:4692	ELLANSLDRAV	Monoallelic_HLAI_data	78.149,1
HERVIP10F:7587:7326	ELLANSLDRAV	Monoallelic_HLAI_data	78.149,1
EuthAT-1:283:415	SIMPMLTL	Multiallelic_HLAI_patient_data	77.748,1
L1M3A_5:903:804	ASLPGWSL	Monoallelic_HLAI_data	77.748,1
HERVR:6671:6551	VQLLKATW	Monoallelic_HLAI_data	77.748,1
HERVE:1879:1765	TQPFSAVFF	Monoallelic_HLAI_data	77.67399999999999,1
HERV3:4581:4497	SILGVSINIDLF	Monoallelic_HLAI_data	77.318,1
ERVL47:4047:3756	NLHSGGAILL	Monoallelic_HLAI_data	77.282,1
MER4BI:3576:3417	IYKMEQFLYI	Monoallelic_HLAI_data	77.282,1
EuthAT-1:462:588	EQAFSALVL	Monoallelic_HLAI_data	77.282,1
LTR26C:238:496	SPTIKPLS	Monoallelic_HLAI_data	77.058,1
HERV9:7974:8076	LPKSDNAFQTL	Multiallelic_HLAI_patient_data	77.058,1
HERV15I:6131:5909	SPNSFKSPLI	Monoallelic_HLAI_data	77.058,1
L1M7_5end:1742:1835	SPDNVEMI	Monoallelic_HLAI_data	76.847,1
TAR1:561:1815	PAPAPRASL	Monoallelic_HLAI_data	76.833,1
TAR1:706:1699	PAPAPRASL	Monoallelic_HLAI_data	76.833,1
MER70_I:4979:4916	MPTDLPGSGGRGL	Monoallelic_HLAI_data	76.827,1
LTR1:384:54	VFIGTGWGAWQA	Monoallelic_HLAI_data	76.827,1
MER30B:169:1	SVVVDITKI	Monoallelic_HLAI_data	76.774,1
Charlie12:2701:2872	SVVVDITKI	Monoallelic_HLAI_data	76.774,1
LTR18C:236:344	HLPAVSRVFFQL	Monoallelic_HLAI_data	76.679,1
MER50I:6023:6290	NVKIWINI	Monoallelic_HLAI_data	76.592,1
MER83AI:3870:3783	EIVVQKRN	Monoallelic_HLAI_data	76.592,1
PABL_AI:31:436	GELTGSYAGSLLFS	Monoallelic_HLAI_data	76.064,1
MLT2B2:463:271	SESEGLRIW	Monoallelic_HLAI_data	75.854,1
L1MB8:415:340	GIYLGVELLGHM	Monoallelic_HLAI_data	75.854,1
L1MB7:415:340	GIYLGVELLGHM	Monoallelic_HLAI_data	75.854,1
L1HS:3966:4143	QAGEGNKGYSI	Monoallelic_HLAI_data	75.738,1
L1:4088:4214	QAGEGNKGYSI	Monoallelic_HLAI_data	75.738,1
ALINE:319:394	ISLEGISLISLT	Multiallelic_HLAI_patient_data	75.738,1
L1M4B:2932:2656	ALLPPTSFVLLLSN	Monoallelic_HLAI_data	75.479,1
L1MEB_5:426:246	SLYTEFGDPLS	Monoallelic_HLAI_data	75.38,1
L1MEA_5:426:246	SLYTEFGDPLS	Monoallelic_HLAI_data	75.38,1
ERV3-16A3_I:2981:3152	MVLEVSVVGKDAV	Multiallelic_HLAI_data	75.378,1
LTR104_Mam:390:888	DLLFTSRW	Monoallelic_HLAI_data	75.311,1
ERV3-16A3_I:3955:3703	MSIHMPLIL	Multiallelic_HLAI_patient_data	75.311,1
MER103C:159:267	PFSFFKSI	Monoallelic_HLAI_data	75.311,1
HERVG25:475:643	VFLQPGDI	Monoallelic_HLAI_data	75.311,1
MLT1J:326:203	PHGPRWLLEL	Monoallelic_HLAI_data	75.243,1
HERV15I:5591:5483	EKVQTNTSI	Monoallelic_HLAI_data	75.21300000000001,1
MER52D:1991:1559	PKEGVTAL	Monoallelic_HLAI_data	75.189,1
LTR39:55:109	LEFLQGKFQA	Monoallelic_HLAI_data	75.189,1
LTR86B1:224:89	CLPAHQVQVTGAK	Multiallelic_HLAI_data	74.92,1
PRIMA41:3745:3574	LFEPLLVG	Multiallelic_HLAI_patient_data	74.832,1
L1MA3:93:3	IELFELLI	Monoallelic_HLAI_data	74.517,1
L1MA2:93:3	IELFELLI	Monoallelic_HLAI_data	74.517,1
L1MA1:93:3	IELFELLI	Monoallelic_HLAI_data	74.517,1
Charlie12:1268:1361	LPFLLEALM	Monoallelic_HLAI_data	74.439,1
MER70_I:4452:4203	VTPPGRSL	Monoallelic_HLAI_data	74.415,1
HERVK13I:6078:5955	ETQAKPLL	Monoallelic_HLAI_data	74.415,1
HERVI:288:186	SLLRHFLP	Monoallelic_HLAI_data	74.335,1
LTR14B:492:420	GSPDYLLVI	Monoallelic_HLAI_data	74.335,1
MLT1C2:245:122	VSVSKFPSSY	Monoallelic_HLAI_data	74.127,1
MER52D:2:827	LQRGGVSSGGR, SPTGGGAVRLGI	Monoallelic_HLAI_data	73.985,2
CHESHIRE:1096:1138	GAEKSLVGQIKL	Monoallelic_HLAI_data	73.95100000000001,1
HERVKC4:2112:1953	TVAFSCLPDPPV	Monoallelic_HLAI_data	73.665,1
UCON76:131:2	ESIFLLRFD, ESIFLLRFD	Monoallelic_HLAI_data	73.616,2
L1P4a_5end:1524:1377	KGTLWLFEL, ISVWLRTI	Monoallelic_HLAI_data	73.616,2
HERVR:2419:2542	TSRSPPASL	Multiallelic_HLAI_patient_data	73.616,1
HUERS-P3B:734:665	LELPCALQTKG	Monoallelic_HLAI_data	73.26,1
HERV35I:1277:1181	RYSLTLVSQI	Monoallelic_HLAI_data	73.26,1
LTR43_I:3087:3222	EALEDLRLL	Monoallelic_HLAI_data	73.26,1
MLT2A1:253:364	PSSSVLGLGLAL	Monoallelic_HLAI_data	73.248,1
HUERS-P1:1097:1289	KTVNYLSPLQ	Monoallelic_HLAI_data	72.87899999999999,1
CHARLIE2A:822:774	GSPRKHSSYI	Monoallelic_HLAI_data	72.789,1
L5:643:562	LLTESKAAARSTN	Monoallelic_HLAI_data	72.643,1
HERV3:981:918	GLDALAVL	Monoallelic_HLAI_data	72.618,1
MER66_I:463:115	APLPARKNDGSE	Monoallelic_HLAI_data	72.547,1
Kanga1:1438:841	SISSAVIHISIF	Multiallelic_HLAI_patient_data	72.485,1
LTR6B:193:256	QLTDKILW	Monoallelic_HLAI_data	72.234,1
Tigger15a:125:32	ILAAQRPFL	Monoallelic_HLAI_data	72.234,1
PABL_BI:5521:6091	FLQIWDGF	Monoallelic_HLAI_data	72.234,1
X2_LR:18:177	LHLFQLSL	Monoallelic_HLAI_data	72.234,1
HERV35I:3932:3884	LTRNLMAL	Monoallelic_HLAI_data	72.234,1
MER84I:625:2326	LEQGPQTPF	Monoallelic_HLAI_data	72.138,1
MER34-int:310:439	VFVIVFPF	Monoallelic_HLAI_data	72.054,1
LTR6B:4:94	LFPPELTL	Monoallelic_HLAI_data	72.021,1
LTR27B:540:414	GLLGPSLA	Monoallelic_HLAI_data	72.021,1
HERVL74:3424:3820	LGYKEWII	Monoallelic_HLAI_data	72.021,1
MER11C:705:822	LHLPCDIL	Monoallelic_HLAI_data	71.995,1
MER57I:497:701	LKMRAPKL	Monoallelic_HLAI_data	71.949,1
LTR16A:10:283	SAPSGIAS	Monoallelic_HLAI_data	71.949,1
HERVK:3350:3200	KQSFRSII	Monoallelic_HLAI_data	71.949,1
HERVE:1128:942	SRGFTSSL	Monoallelic_HLAI_data	71.715,1
Charlie17a:27:129	EILIPSALGAAG	Monoallelic_HLAI_data	71.501,1
HERVL74:2817:2451	HGIWQGTEDRGG	Monoallelic_HLAI_data	71.37899999999999,1
L1MC5:254:194	FLHVDNSL	Monoallelic_HLAI_data	71.378,1
HAL1M8:1635:1551	FLHVDNSL	Monoallelic_HLAI_data	71.378,1
TIGGER2:1891:1747	IGSVVNPV	Monoallelic_HLAI_data	71.378,1
MER119:184:346	SAVAVIKSK	Monoallelic_HLAI_data	71.342,1
L2:645:777	YPSLLQSSTDL, YPSLLQSSTDLR	Monoallelic_HLAI_data	71.223,2
MER70_I:467:629	GSPPEASGPILLS	Monoallelic_HLAI_data	71.223,1
HERV30I:4057:4813	LEGPVFQI	Monoallelic_HLAI_data	71.141,1
MER83AI:1963:2179	PTASLEQL	Monoallelic_HLAI_data	71.141,1
MER51I:1367:1421	TLLNKQLY	Multiallelic_HLAI_patient_data	71.141,1
HERVFH21I:337:157	EALMVDEVANNG	Multiallelic_HLAI_patient_data	70.919,1
HERVG25:2599:2434	SLGLSLGLSRGT	Monoallelic_HLAI_data	70.919,1
MER57A_I:5007:5385	IALDYLLAK	Multiallelic_HLAI_patient_data	70.91199999999999,1
HERVE:5737:7021	EGKDFIIPV	Monoallelic_HLAI_data	70.91199999999999,1
HERVK11I:6356:6242	YIESMGYLLL, SMGYLLLL	Monoallelic_HLAI_data	70.91199999999999,2
MER57I:6517:6712	IALDYLLAK	Multiallelic_HLAI_patient_data	70.91199999999999,1
FLA:100:37	AILPPQPPK	Monoallelic_HLAI_data	70.91199999999999,1
MamRep605:857:707	TVQGLALS	Monoallelic_HLAI_data	70.91199999999999,1
LTR75B:504:345	KSKISMVSAPRVPS	Monoallelic_HLAI_data	70.622,1
L1M4B:610:457	MSRALGGGGSL	Monoallelic_HLAI_data	70.525,1
HERVFH19I:160:424	PSGLSKPSGL	Monoallelic_HLAI_data	70.525,1
HERVKC4:4173:4086	SVSSVTFLIV	Monoallelic_HLAI_data	70.268,1
HERVK11I:2831:2963	NNGGLKLIFH	Monoallelic_HLAI_data	70.268,1
MER51I:403:517	SGDLNLLFL	Monoallelic_HLAI_data	70.268,1
L1PB2c:5227:5347	KYLQPTDL	Monoallelic_HLAI_data	70.268,1
HARLEQUIN:4187:4673	LCENPRITI	Monoallelic_HLAI_data	69.998,1
MER44D:78:255	AVYATRPLVI	Monoallelic_HLAI_data	69.998,1
HAL1:1404:804	IIFLISKSFFLF	Monoallelic_HLAI_data	69.979,1
HERVIP10F:503:2216	TPSKTGSKGDKD	Monoallelic_HLAI_data	69.954,1
L1ME3E_3end:594:447	RVAVVHSFSLLY	Monoallelic_HLAI_data	69.954,1
L1ME3D_3end:594:447	RVAVVHSFSLLY	Monoallelic_HLAI_data	69.954,1
MER34-int:7725:8205	QLLTRLFSPQPP	Monoallelic_HLAI_data	69.954,1
L1ME3F_3end:595:448	RVAVVHSFSLLY	Monoallelic_HLAI_data	69.954,1
MER22:660:1227	SIIGLQEESAQ	Monoallelic_HLAI_data	69.825,1
MER70_I:2382:2469	SAKQQASGSTGL	Monoallelic_HLAI_data	69.812,1
LTR12:730:499	VTALKGGASGVV	Multiallelic_HLAI_patient_data	69.598,1
LTR12D:1168:658	VTALKGGASGVV	Multiallelic_HLAI_patient_data	69.598,1
MLT1C:153:399	DASTSQGTPKIA	Monoallelic_HLAI_data	69.598,1
L1M2C_5:1480:1600	YILAHEFPP	Monoallelic_HLAI_data	69.432,1
MER83BI:4848:4617	IFQLLPAD	Monoallelic_HLAI_data	69.432,1
MER69B:613:679	SSLLSGIYSIMQ	Monoallelic_HLAI_data	69.423,1
L1PA13_5:1258:1507	APPAQRVP	Monoallelic_HLAI_data	69.39,1
HERVL_40:4232:4139	GWPGVAIR	Monoallelic_HLAI_data	69.39,1
HERV19I:589:724	LGLFSPVH	Monoallelic_HLAI_data	69.39,1
MER83AI:1553:1373	TSTTFVYL	Monoallelic_HLAI_data	69.39,1
LTR50:245:128	AADRKEQV	Monoallelic_HLAI_data	69.383,1
ZOMBI:2283:2325	SLPLFVVA	Monoallelic_HLAI_data	69.234,1
LTR78B:376:82	LSSALPSLSN	Monoallelic_HLAI_data	69.19800000000001,1
LTR81C:1060:1117	SVIENKEA	Monoallelic_HLAI_data	69.176,1
HERVK11I:2581:3079	AEEVHQSTF	Monoallelic_HLAI_data	68.915,1
HERVL_40:3929:3854	SRERGRSI	Monoallelic_HLAI_data	68.915,1
MER101_I:4942:5041	SSLPLKDT	Monoallelic_HLAI_data	68.915,1
HERV30I:1604:1769	RLSLPFVTI	Multiallelic_HLAI_patient_data	68.915,1
HERVK13I:5513:5366	EKPLGLTL	Monoallelic_HLAI_data	68.78699999999999,1
Charlie25:1641:1728	LIMPVKTIS	Monoallelic_HLAI_data	68.78699999999999,1
HERV-K14CI:5237:7433	FLSGYPQDI, MMAQTPIRIW	Monoallelic_HLAI_data	68.422,2
HERVIP10F:4436:4253	VNKVLTFTI	Monoallelic_HLAI_data	68.422,1
X32_DNA:169:322	DKKVNCILW	Monoallelic_HLAI_data	68.422,1
CHARLIE3:2018:1916	RPHNSSLAL	Monoallelic_HLAI_data	68.422,1
L1PA3:865:721	HPLTRHLAL	Multiallelic_HLAI_patient_data	68.422,1
L1PA2:865:721	HPLTRHLAL	Multiallelic_HLAI_patient_data	68.422,1
EuthAT-2:1389:1245	FPSASQLS	Monoallelic_HLAI_data	68.398,1
PTR5:81:399	LAPGSEGL	Monoallelic_HLAI_data	68.398,1
L1PREC2:531:603	PATGSSVT	Monoallelic_HLAI_data	68.398,1
FORDPREFECT:232:505	ASRSLPLAGAV	Monoallelic_HLAI_data	68.37100000000001,1
CR1_Mam:711:927	EVLDQIVVNAQD	Monoallelic_HLAI_data	68.22399999999999,1
LTR16E2:298:355	LSSPGRTVLR	Monoallelic_HLAI_data	68.214,1
CHARLIE7:688:2344	ISLQEQLI	Multiallelic_HLAI_patient_data	68.081,1
MER61I:332:2	MERPPTPGSDGG	Monoallelic_HLAI_data	68.016,1
ERVL:3468:3702	HSSTPSSNGSGIY	Multiallelic_HLAI_patient_data	67.993,1
HERV-K14CI:977:644	SLTVIGCWASL	Monoallelic_HLAI_data	67.98100000000001,1
HERV19I:3375:3465	ATKVTDILV	Multiallelic_HLAI_patient_data	67.98100000000001,1
LTR12C:541:406	GLGAVEQGAALVG	Monoallelic_HLAI_data	67.494,1
LTR12E:541:100	GLGAVEQGAALVG	Monoallelic_HLAI_data	67.494,1
PRIMA4_LTR:121:205	KEIPSELL	Monoallelic_HLAI_data	67.277,1
MLT1O:169:1	IPIPIPGRESDWP	Monoallelic_HLAI_data	67.153,1
Tigger16a:431:713	PAFPQAPAF	Monoallelic_HLAI_data	67.035,1
MARE1:437:731	PAFPQAPAF	Monoallelic_HLAI_data	67.035,1
HERVL66I:3215:4307	SPAAGTIL	Monoallelic_HLAI_data	67.035,1
HUERS-P3B:6274:6433	IHLSLNPS	Monoallelic_HLAI_data	67.035,1
HERVK3I:5061:4974	SLTISTRSQ	Monoallelic_HLAI_data	67.035,1
RICKSHA:1575:1374	THKVNIVI	Multiallelic_HLAI_patient_data	67.035,1
HERV9:7712:8285	LDLLTAEKGG	Monoallelic_HLAI_data	67.032,1
HERVR:3622:3496	GSGLLWQSLA	Monoallelic_HLAI_data	67.032,1
MER4E1:657:582	LYILERHETS	Monoallelic_HLAI_data	67.032,1
PABL_BI:6236:6347	LGLVRTLH	Monoallelic_HLAI_data	66.994,1
EUTREP7:347:206	LLVGTFYR	Monoallelic_HLAI_data	66.994,1
L1M3C_5:1237:1189	PDFVELSI	Monoallelic_HLAI_data	66.994,1
LSAU:496:730	SLSPGLDL	Monoallelic_HLAI_data	66.994,1
L1MC2:961:1060	FLLNFSVNL	Monoallelic_HLAI_data	66.993,1
LTR25-int:3925:4033	EGPKITSGGLGLL	Monoallelic_HLAI_data	66.962,1
